<application>
  <component name="VimSettings">
    <state version="4" enabled="false" />
    <globalmarks />
    <filemarks>
      <file name="$USER_HOME$/work/domino/domino/frontend/apps/web/src/modules/jobs/react-resizable.d.ts" timestamp="1544001159572">
        <mark key="[" line="10" column="1" />
        <mark key="]" line="10" column="1" />
        <mark key="." line="10" column="1" />
      </file>
      <file name="$USER_HOME$/work/domino/domino/frontend/apps/web/src/modules/jobs/index.tsx" timestamp="1544001788357">
        <mark key="[" line="78" column="1" />
        <mark key="]" line="46" column="1" />
        <mark key="^" line="46" column="1" />
        <mark key="." line="46" column="1" />
      </file>
    </filemarks>
    <jumps />
    <registers>
      <register name="&quot;" type="4">
        <text encoding="base64">IHdpZHRoOiBu</text>
      </register>
      <register name=":" type="4">
        <text>w</text>
      </register>
      <register name="-" type="4">
        <text encoding="base64">IHdpZHRoOiBu</text>
      </register>
    </registers>
    <search>
      <last-dir>0</last-dir>
      <show-last>false</show-last>
    </search>
    <history>
      <history-search />
      <history-cmd>
        <entry>w</entry>
      </history-cmd>
      <history-expr />
      <history-input />
    </history>
    <shortcut-conflicts />
  </component>
</application>