<application>
  <component name="VimSettings">
    <state version="4" enabled="false" />
    <globalmarks />
    <filemarks>
      <file name="$USER_HOME$/work/domino/domino/jobs/jobs-implementation/src/main/scala/domino/jobs/implementation/domain/JobComputeGridManager.scala" timestamp="1543999857220">
        <mark key="[" line="13" column="13" />
        <mark key="]" line="14" column="0" />
        <mark key="^" line="14" column="0" />
        <mark key="." line="14" column="0" />
      </file>
      <file name="$USER_HOME$/work/domino/domino/compute-grid/monolith-adapter/src/it/scala/domino/computegrid/monoadapter/ComputeGridTestServiceAdapter.scala" timestamp="1543993849938">
        <mark key="[" line="55" column="0" />
        <mark key="]" line="55" column="1" />
        <mark key="." line="55" column="1" />
        <mark key="^" line="55" column="1" />
      </file>
      <file name="/Dummy.scala" timestamp="1544000899406">
        <mark key="[" line="0" column="0" />
      </file>
      <file name="$USER_HOME$/work/domino/domino/jobs/jobs-implementation/src/it/scala/domino/jobs/implementation/JobsServiceIntegrationSpec.scala" timestamp="1543995357119">
        <mark key="[" line="80" column="50" />
        <mark key="]" line="71" column="17" />
        <mark key="^" line="71" column="17" />
        <mark key="." line="71" column="17" />
      </file>
      <file name="$USER_HOME$/work/domino/domino/compute-grid/monolith-adapter/src/main/scala/domino/computegrid/monoadapter/ComputeGridServiceAdapter.scala" timestamp="1543995351845">
        <mark key="[" line="27" column="162" />
        <mark key="]" line="17" column="10" />
        <mark key="^" line="17" column="10" />
        <mark key="." line="17" column="10" />
      </file>
      <file name="$USER_HOME$/work/domino/domino/jobs/jobs-implementation/src/main/scala/domino/jobs/implementation/JobImplementer.scala" timestamp="1544000040343">
        <mark key="a" line="86" column="30" />
        <mark key="[" line="86" column="33" />
        <mark key="]" line="86" column="33" />
        <mark key="." line="86" column="33" />
        <mark key="^" line="86" column="36" />
      </file>
      <file name="$USER_HOME$/work/domino/domino/jobs/jobs-interface/src/main/scala/domino/jobs/interface/JobsService.scala" timestamp="1544000445065">
        <mark key="[" line="45" column="79" />
      </file>
      <file name="$USER_HOME$/work/domino/domino/jobs/jobs-interface/src/main/scala/domino/jobs/interface/dtos.scala" timestamp="1544000975019">
        <mark key="[" line="167" column="42" />
        <mark key="]" line="167" column="42" />
        <mark key="." line="167" column="42" />
        <mark key="^" line="167" column="42" />
      </file>
    </filemarks>
    <jumps />
    <registers>
      <register name="1" type="4">
        <text encoding="base64">fQo=</text>
      </register>
      <register name="&quot;" type="4">
        <text encoding="base64">cGVyY2VudGFnZSA=</text>
      </register>
      <register name=":" type="4">
        <text>q!</text>
      </register>
      <register name="-" type="4">
        <text encoding="base64">cGVyY2VudGFnZSA=</text>
      </register>
    </registers>
    <search>
      <last-dir>0</last-dir>
      <show-last>false</show-last>
    </search>
    <history>
      <history-cmd>
        <entry>q</entry>
        <entry>Q</entry>
        <entry>q!</entry>
      </history-cmd>
    </history>
    <shortcut-conflicts>
      <shortcut-conflict owner="vim">
        <text>ctrl pressed P</text>
      </shortcut-conflict>
      <shortcut-conflict owner="vim">
        <text>ctrl pressed H</text>
      </shortcut-conflict>
    </shortcut-conflicts>
    <editor>
      <key-repeat enabled="true" />
    </editor>
  </component>
</application>