<keymap version="1" name="Mac OS X 10.5+ copy" parent="Mac OS X 10.5+">
  <action id="MoveTabDown">
    <keyboard-shortcut first-keystroke="ctrl meta alt h" />
  </action>
  <action id="MoveTabRight">
    <keyboard-shortcut first-keystroke="ctrl meta alt v" />
  </action>
  <action id="Scala.ShowImplicits">
    <keyboard-shortcut first-keystroke="shift ctrl alt equals" />
    <keyboard-shortcut first-keystroke="shift ctrl alt add" />
  </action>
  <action id="VimPluginToggle">
    <keyboard-shortcut first-keystroke="meta alt i" />
  </action>
  <action id="com.github.setial.intellijjavadocs.action.JavaDocGenerateActionOnEditor" />
</keymap>