<keymap version="1" name="Mac OS X 10.5+ copy" parent="Mac OS X 10.5+">
  <action id="EditorPageDownWithSelection" />
  <action id="MoveTabDown">
    <keyboard-shortcut first-keystroke="ctrl meta alt h" />
  </action>
  <action id="MoveTabRight">
    <keyboard-shortcut first-keystroke="ctrl meta alt v" />
  </action>
  <action id="TsLintFileFixAction">
    <keyboard-shortcut first-keystroke="ctrl meta alt t" />
  </action>
  <action id="VimPluginToggle">
    <keyboard-shortcut first-keystroke="meta alt i" />
  </action>
</keymap>